tool_id	type	lifecycle	version	owner	domain	stage	path	lang	executable	summary	tags	input_contract	output_contract	validator	last_verified	evidence_path	replacement_tool_id	command_hint
common_adjust_clock_period_py	common_utility	active	0.1.0	unassigned	cts	cts	scripts/common/adjust_clock_period.py	python	1	adjust clock period	common,adjust,clock,period							python3 scripts/common/adjust_clock_period.py
autoidea_bridge	common_utility	active	1.0.0	donghao	knowledge	analysis	scripts/common/autoidea_bridge.py	python	1	Bridge autoIdea recommendations and idea drafts into local queues/knowledge artifacts	autoidea,bridge,paper,idea,knowledge,fusion	external_tools/autoIdea outputs + local feedback queue	autoidea queue + merged queue + fusion report	python3 scripts/common/autoidea_bridge.py --autoidea-root external_tools/autoIdea	2026-03-06	docs/knowledge_base/99_AUTOIDEA_FUSION_REPORT_20260306.md		python3 scripts/common/autoidea_bridge.py --autoidea-root external_tools/autoIdea
build_agent_skill_bundle	common_utility	active	1.0.0	donghao	infrastructure	analysis	scripts/common/build_agent_skill_bundle.py	python	1	Export standalone agent+skill bundle with skill-local mirrored scripts	packaging,bundle,agent,skill,standalone,github	root agent/skills/docs/tool catalog	exports/eda_agent_skill_system bundle	python3 scripts/common/build_agent_skill_bundle.py --out-dir exports/eda_agent_skill_system	2026-03-06	exports/eda_agent_skill_system/README.md		python3 scripts/common/build_agent_skill_bundle.py --out-dir exports/eda_agent_skill_system
common_cleanup_sh	common_utility	active	0.1.0	unassigned	infrastructure	utility	scripts/common/cleanup.sh	bash	1	============================================================	common,cleanup							bash scripts/common/cleanup.sh
common_derive_innovus_tuning_py	common_utility	active	0.1.0	unassigned	infrastructure	utility	scripts/common/derive_innovus_tuning.py	python	1	derive innovus tuning	common,derive,innovus,tuning							python3 scripts/common/derive_innovus_tuning.py
common_experiment_memory_py	common_utility	active	0.1.0	unassigned	infrastructure	utility	scripts/common/experiment_memory.py	python	1	experiment memory	common,experiment,memory							python3 scripts/common/experiment_memory.py
infra_stack_guard	common_utility	active	1.0.0	donghao	infrastructure	preflight	scripts/common/infra_stack_guard.py	python	1	Audit core infrastructure integrity: agent policy, KB, tool registry, and skills	infra,guard,audit	repo root structure + manifests	status summary + detail tsv	python3 scripts/common/infra_stack_guard.py --out-prefix slurm_logs/00_meta/infra_stack_guard_latest	2026-03-06	slurm_logs/00_meta/infra_stack_guard_toolkbskill_20260306.summary.md		python3 scripts/common/infra_stack_guard.py --out-prefix slurm_logs/00_meta/infra_stack_guard_latest
common_init_research_chain_py	common_utility	active	0.1.0	unassigned	infrastructure	utility	scripts/common/init_research_chain.py	python	1	init research chain	common,init,research,chain							python3 scripts/common/init_research_chain.py
common_knowledge_gate_sh	common_utility	active	0.1.0	unassigned	infrastructure	utility	scripts/common/knowledge_gate.sh	bash	1	knowledge gate	common,knowledge,gate							bash scripts/common/knowledge_gate.sh
paper_kb_index	common_utility	active	1.0.0	donghao	knowledge	analysis	scripts/common/paper_kb_index.py	python	1	Build/query paper evidence index with keyword/semantic/logic modes	paper,knowledge,retrieval,semantic	paper manifests + summaries	paper index json/tsv + query_last.tsv	"python3 scripts/common/paper_kb_index.py query --query ""backside routing"" --mode hybrid"	2026-03-06	docs/papers/index/query_last.tsv		python3 scripts/common/paper_kb_index.py build
paper_landscape_feedback	common_utility	active	1.0.0	donghao	knowledge	analysis	scripts/common/paper_landscape_feedback.py	python	1	Detect literature gaps/stale methods and generate targeted retrieval queue	paper,landscape,feedback,queue,gap,stale	global_research_landscape.tsv	98 feedback report + literature_feedback_queue.tsv	python3 scripts/common/paper_landscape_feedback.py	2026-03-06	docs/knowledge_base/98_LITERATURE_FEEDBACK_LOOP.md		python3 scripts/common/paper_landscape_feedback.py
paper_landscape_sync	common_utility	active	1.0.0	donghao	knowledge	analysis	scripts/common/paper_landscape_sync.py	python	1	Sync problem/method landscapes from local paper summaries into linked KB artifacts	paper,knowledge,landscape,problem,method,graph	docs/papers/summaries/*.summary.md	95/96 landscape docs + graph json + matrix tsv	python3 scripts/common/paper_landscape_sync.py build	2026-03-06	docs/knowledge_base/index/landscape_graph.json		python3 scripts/common/paper_landscape_sync.py build
common_prepare_innovus_sdc_py	common_utility	active	0.1.0	unassigned	infrastructure	utility	scripts/common/prepare_innovus_sdc.py	python	1	Commands where the first numeric positional argument is a time value.	common,prepare,innovus,sdc							python3 scripts/common/prepare_innovus_sdc.py
common_research_chain_guard_py	common_utility	active	0.1.0	unassigned	infrastructure	utility	scripts/common/research_chain_guard.py	python	1	research chain guard	common,research,chain,guard							python3 scripts/common/research_chain_guard.py
common_skill_system_audit_py	common_utility	active	0.1.0	unassigned	infrastructure	utility	scripts/common/skill_system_audit.py	python	1	skill system audit	common,skill,system,audit							python3 scripts/common/skill_system_audit.py
common_sync_repo_skills_to_codex_home_sh	common_utility	active	0.1.0	unassigned	infrastructure	utility	scripts/common/sync_repo_skills_to_codex_home.sh	bash	1	sync repo skills to codex home	common,sync,repo,skills,to,codex,home							bash scripts/common/sync_repo_skills_to_codex_home.sh
tool_catalog	common_utility	active	1.1.0	donghao	infrastructure	analysis	scripts/common/tool_catalog.py	python	1	Build/query governed tool catalog with lifecycle/version facets	tool,catalog,registry,infra	keywords + optional facets	markdown table / TSV index	python3 scripts/common/tool_catalog.py query infra	2026-03-06	slurm_logs/00_meta/infra_stack_guard_toolkbskill_20260306.summary.md		python3 scripts/common/tool_catalog.py query cts route --stage cts
common_unified_kb_query_py	common_utility	active	0.1.0	unassigned	infrastructure	utility	scripts/common/unified_kb_query.py	python	1	unified kb query	common,unified,kb,query							python3 scripts/common/unified_kb_query.py
debug_analyze_backside_crossover_vs_innovus_py	debug_tool	active	0.1.0	unassigned	backside_routing	analysis	scripts/debug/analyze_backside_crossover_vs_innovus.py	python	1	analyze backside crossover vs innovus	debug,analyze,backside,crossover,vs,innovus							python3 scripts/debug/analyze_backside_crossover_vs_innovus.py
debug_analyze_backside_net_delay_py	debug_tool	active	0.1.0	unassigned	backside_routing	analysis	scripts/debug/analyze_backside_net_delay.py	python	1	analyze backside net delay	debug,analyze,backside,net,delay							python3 scripts/debug/analyze_backside_net_delay.py
debug_analyze_prects_log_py	debug_tool	active	0.1.0	unassigned	cts	cts	scripts/debug/analyze_prects_log.py	python	1	analyze prects log	debug,analyze,prects,log							python3 scripts/debug/analyze_prects_log.py
debug_analyze_route_backside_distributions_and_model_consistency_py	debug_tool	active	0.1.0	unassigned	backside_routing	route	scripts/debug/analyze_route_backside_distributions_and_model_consistency.py	python	1	analyze route backside distributions and model consistency	debug,analyze,route,backside,distributions,and,model,consistency							python3 scripts/debug/analyze_route_backside_distributions_and_model_consistency.py
debug_auto_fix_layer_namespace_for_gt3_py	debug_tool	active	0.1.0	unassigned	backside_routing	utility	scripts/debug/auto_fix_layer_namespace_for_gt3.py	python	1	High indices first to avoid partial replacements (e.g. metal1 in metal10).	debug,auto,fix,layer,namespace,for,gt3							python3 scripts/debug/auto_fix_layer_namespace_for_gt3.py
debug_backfill_manifest_metrics_py	debug_tool	active	0.1.0	unassigned	general	utility	scripts/debug/backfill_manifest_metrics.py	python	1	backfill manifest metrics	debug,backfill,manifest,metrics							python3 scripts/debug/backfill_manifest_metrics.py
debug_backside_layer_calibration_2pin_sh	debug_tool	active	0.1.0	unassigned	backside_routing	utility	scripts/debug/backside_layer_calibration_2pin.sh	bash	1	Physical calibration sweep on one 2-pin (or short) net:	debug,backside,layer,calibration,2pin							bash scripts/debug/backside_layer_calibration_2pin.sh
debug_bapp_compare_vanilla_vs_precond_sh	debug_tool	active	0.1.0	unassigned	general	utility	scripts/debug/bapp_compare_vanilla_vs_precond.sh	bash	1	Clean representative-point compare for BAPP preconditioning methods.	debug,bapp,compare,vanilla,vs,precond							bash scripts/debug/bapp_compare_vanilla_vs_precond.sh
debug_bapp_exp2_hotspot_blockage_sweep_sh	debug_tool	active	0.1.0	unassigned	general	utility	scripts/debug/bapp_exp2_hotspot_blockage_sweep.sh	bash	1	BAPP Route-A Exp-2:	debug,bapp,exp2,hotspot,blockage,sweep							bash scripts/debug/bapp_exp2_hotspot_blockage_sweep.sh
debug_bapp_exp2_hotspot_pad_sweep_sh	debug_tool	active	0.1.0	unassigned	general	utility	scripts/debug/bapp_exp2_hotspot_pad_sweep.sh	bash	1	BAPP Exp-2:	debug,bapp,exp2,hotspot,pad,sweep							bash scripts/debug/bapp_exp2_hotspot_pad_sweep.sh
debug_bapp_exp2_rudy_proxy_sweep_sh	debug_tool	active	0.1.0	unassigned	general	utility	scripts/debug/bapp_exp2_rudy_proxy_sweep.sh	bash	1	BAPP Route-B proxy:	debug,bapp,exp2,rudy,proxy,sweep							bash scripts/debug/bapp_exp2_rudy_proxy_sweep.sh
debug_bapp_exp3_corridor_reservation_sh	debug_tool	active	0.1.0	unassigned	general	utility	scripts/debug/bapp_exp3_corridor_reservation.sh	bash	1	BAPP Exp-3A:	debug,bapp,exp3,corridor,reservation							bash scripts/debug/bapp_exp3_corridor_reservation.sh
debug_bapp_replace_sink_density_exp1_sh	debug_tool	active	0.1.0	unassigned	placement	place	scripts/debug/bapp_replace_sink_density_exp1.sh	bash	1	BAPP Exp-1 (true RePlAce sink-density perturbation, low-cost).	debug,bapp,replace,sink,density,exp1							bash scripts/debug/bapp_replace_sink_density_exp1.sh
debug_bapp_sink_density_proxy_ab_sh	debug_tool	active	0.1.0	unassigned	general	utility	scripts/debug/bapp_sink_density_proxy_ab.sh	bash	1	BAPP Exp-1 bridge experiment (low-cost):	debug,bapp,sink,density,proxy,ab							bash scripts/debug/bapp_sink_density_proxy_ab.sh
debug_bayes_opt_multilayer_htree_py	debug_tool	active	0.1.0	unassigned	general	utility	scripts/debug/bayes_opt_multilayer_htree.py	python	1	bayes opt multilayer htree	debug,bayes,opt,multilayer,htree							python3 scripts/debug/bayes_opt_multilayer_htree.py
debug_bound_sink_displacement_py	debug_tool	active	0.1.0	unassigned	placement	place	scripts/debug/bound_sink_displacement.py	python	1	bound sink displacement	debug,bound,sink,displacement							python3 scripts/debug/bound_sink_displacement.py
debug_bridge_goal_settings_to_lastchance10_py	debug_tool	active	0.1.0	unassigned	general	utility	scripts/debug/bridge_goal_settings_to_lastchance10.py	python	1	bridge goal settings to lastchance10	debug,bridge,goal,settings,to,lastchance10							python3 scripts/debug/bridge_goal_settings_to_lastchance10.py
debug_bscost_delay_consistency_capacity_gate_py	debug_tool	active	0.1.0	unassigned	general	utility	scripts/debug/bscost_delay_consistency_capacity_gate.py	python	1	bscost delay consistency capacity gate	debug,bscost,delay,consistency,capacity,gate							python3 scripts/debug/bscost_delay_consistency_capacity_gate.py
debug_bscost_theory_opt_stability_gate_py	debug_tool	active	0.1.0	unassigned	general	utility	scripts/debug/bscost_theory_opt_stability_gate.py	python	1	bscost theory opt stability gate	debug,bscost,theory,opt,stability,gate							python3 scripts/debug/bscost_theory_opt_stability_gate.py
debug_bucketed_delay_model_scorecard_py	debug_tool	active	0.1.0	unassigned	general	utility	scripts/debug/bucketed_delay_model_scorecard.py	python	1	bucketed delay model scorecard	debug,bucketed,delay,model,scorecard							python3 scripts/debug/bucketed_delay_model_scorecard.py
debug_build_backside_net_scorer_sh	debug_tool	active	0.1.0	unassigned	backside_routing	utility	scripts/debug/build_backside_net_scorer.sh	bash	1	build backside net scorer	debug,build,backside,net,scorer							bash scripts/debug/build_backside_net_scorer.sh
debug_build_paired_delta_dataset_py	debug_tool	active	0.1.0	unassigned	general	utility	scripts/debug/build_paired_delta_dataset.py	python	1	build paired delta dataset	debug,build,paired,delta,dataset							python3 scripts/debug/build_paired_delta_dataset.py
debug_causal_single_net_backside_sweep_sh	debug_tool	active	0.1.0	unassigned	backside_routing	utility	scripts/debug/causal_single_net_backside_sweep.sh	bash	1	Causal-style experiment:	debug,causal,single,net,backside,sweep							bash scripts/debug/causal_single_net_backside_sweep.sh
debug_check_delay_model_contract_py	debug_tool	active	0.1.0	unassigned	general	utility	scripts/debug/check_delay_model_contract.py	python	1	check delay model contract	debug,check,delay,model,contract							python3 scripts/debug/check_delay_model_contract.py
debug_check_lef_layer_compatibility_py	debug_tool	active	0.1.0	unassigned	general	utility	scripts/debug/check_lef_layer_compatibility.py	python	1	check lef layer compatibility	debug,check,lef,layer,compatibility							python3 scripts/debug/check_lef_layer_compatibility.py
debug_check_theory_veto_gate_py	debug_tool	active	0.1.0	unassigned	general	utility	scripts/debug/check_theory_veto_gate.py	python	1	check theory veto gate	debug,check,theory,veto,gate							python3 scripts/debug/check_theory_veto_gate.py
debug_clock_sink_density_heatmap_py	debug_tool	active	0.1.0	unassigned	cts	cts	scripts/debug/clock_sink_density_heatmap.py	python	1	clock sink density heatmap	debug,clock,sink,density,heatmap							python3 scripts/debug/clock_sink_density_heatmap.py
debug_clocktree_cts_layer_compare_sh	debug_tool	active	0.1.0	unassigned	cts	cts	scripts/debug/clocktree_cts_layer_compare.sh	bash	1	Compare CTS route-layer policies while keeping signal routing frontside.	debug,clocktree,cts,layer,compare							bash scripts/debug/clocktree_cts_layer_compare.sh
debug_collect_replace_compare_master_report_py	debug_tool	active	0.1.0	unassigned	placement	place	scripts/debug/collect_replace_compare_master_report.py	python	1	collect replace compare master report	debug,collect,replace,compare,master,report							python3 scripts/debug/collect_replace_compare_master_report.py
debug_collect_replace_route_ppa_compare_py	debug_tool	active	0.1.0	unassigned	route	place	scripts/debug/collect_replace_route_ppa_compare.py	python	1	collect replace route ppa compare	debug,collect,replace,route,ppa,compare							python3 scripts/debug/collect_replace_route_ppa_compare.py
debug_create_stage_golden_checkpoint_sh	debug_tool	active	0.1.0	unassigned	general	utility	scripts/debug/create_stage_golden_checkpoint.sh	bash	1	create stage golden checkpoint	debug,create,stage,golden,checkpoint							bash scripts/debug/create_stage_golden_checkpoint.sh
debug_cts_precondition_ab_test_sh	debug_tool	active	0.1.0	unassigned	cts	cts	scripts/debug/cts_precondition_ab_test.sh	bash	1	Parallel A/B CTS preconditioning sweep.	debug,cts,precondition,ab,test							bash scripts/debug/cts_precondition_ab_test.sh
debug_cts_two_side_baseline_matrix_sh	debug_tool	active	0.1.0	unassigned	cts	cts	scripts/debug/cts_two_side_baseline_matrix.sh	bash	1	One-click matrix runner for CTS baselines:	debug,cts,two,side,baseline,matrix							bash scripts/debug/cts_two_side_baseline_matrix.sh
debug_def_to_stub_netlist_py	debug_tool	active	0.1.0	unassigned	general	utility	scripts/debug/def_to_stub_netlist.py	python	1	DEF uses backslash escapes for special characters in identifiers.	debug,def,to,stub,netlist							python3 scripts/debug/def_to_stub_netlist.py
debug_demo_cts_htree_0_baseline_route_sh	debug_tool	active	0.1.0	unassigned	cts	cts	scripts/debug/demo_cts_htree_0_baseline_route.sh	bash	1	Demo-0:	debug,demo,cts,htree,0,baseline,route							bash scripts/debug/demo_cts_htree_0_baseline_route.sh
debug_demo_cts_htree_1_fixed_tree_non_strict_sh	debug_tool	active	0.1.0	unassigned	cts	cts	scripts/debug/demo_cts_htree_1_fixed_tree_non_strict.sh	bash	1	Demo-1:	debug,demo,cts,htree,1,fixed,tree,non,strict							bash scripts/debug/demo_cts_htree_1_fixed_tree_non_strict.sh
debug_demo_cts_htree_2_fixed_tree_strict_sh	debug_tool	active	0.1.0	unassigned	cts	cts	scripts/debug/demo_cts_htree_2_fixed_tree_strict.sh	bash	1	Demo-2:	debug,demo,cts,htree,2,fixed,tree,strict							bash scripts/debug/demo_cts_htree_2_fixed_tree_strict.sh
debug_demo_multilayer_htree_cost_py	debug_tool	active	0.1.0	unassigned	general	utility	scripts/debug/demo_multilayer_htree_cost.py	python	1	demo multilayer htree cost	debug,demo,multilayer,htree,cost							python3 scripts/debug/demo_multilayer_htree_cost.py
debug_dp_select_from_scorer_report_py	debug_tool	active	0.1.0	unassigned	general	utility	scripts/debug/dp_select_from_scorer_report.py	python	1	dp select from scorer report	debug,dp,select,from,scorer,report							python3 scripts/debug/dp_select_from_scorer_report.py
debug_enforce_execution_contract_sh	debug_tool	active	0.1.0	unassigned	general	utility	scripts/debug/enforce_execution_contract.sh	bash	1	enforce execution contract	debug,enforce,execution,contract							bash scripts/debug/enforce_execution_contract.sh
debug_estimate_s8_dynamic_expected_vs_actual_py	debug_tool	active	0.1.0	unassigned	general	utility	scripts/debug/estimate_s8_dynamic_expected_vs_actual.py	python	1	estimate s8 dynamic expected vs actual	debug,estimate,s8,dynamic,expected,vs,actual							python3 scripts/debug/estimate_s8_dynamic_expected_vs_actual.py
debug_estimate_s8_theoretical_vs_actual_power_py	debug_tool	active	0.1.0	unassigned	general	utility	scripts/debug/estimate_s8_theoretical_vs_actual_power.py	python	1	estimate s8 theoretical vs actual power	debug,estimate,s8,theoretical,vs,actual,power							python3 scripts/debug/estimate_s8_theoretical_vs_actual_power.py
debug_eval_h123_route_abc_gate_py	debug_tool	active	0.1.0	unassigned	route	route	scripts/debug/eval_h123_route_abc_gate.py	python	1	eval h123 route abc gate	debug,eval,h123,route,abc,gate							python3 scripts/debug/eval_h123_route_abc_gate.py
debug_evaluate_placement_resource_pressure_py	debug_tool	active	0.1.0	unassigned	placement	place	scripts/debug/evaluate_placement_resource_pressure.py	python	1	evaluate placement resource pressure	debug,evaluate,placement,resource,pressure							python3 scripts/debug/evaluate_placement_resource_pressure.py
debug_extract_clock_buffer_instances_from_def_py	debug_tool	active	0.1.0	unassigned	cts	cts	scripts/debug/extract_clock_buffer_instances_from_def.py	python	1	extract clock buffer instances from def	debug,extract,clock,buffer,instances,from,def							python3 scripts/debug/extract_clock_buffer_instances_from_def.py
debug_extract_clock_sink_instances_from_def_py	debug_tool	active	0.1.0	unassigned	cts	cts	scripts/debug/extract_clock_sink_instances_from_def.py	python	1	extract clock sink instances from def	debug,extract,clock,sink,instances,from,def							python3 scripts/debug/extract_clock_sink_instances_from_def.py
debug_extract_initial_drv_wns_tns_py	debug_tool	active	0.1.0	unassigned	general	utility	scripts/debug/extract_initial_drv_wns_tns.py	python	1	extract initial drv wns tns	debug,extract,initial,drv,wns,tns							python3 scripts/debug/extract_initial_drv_wns_tns.py
debug_extract_topk_clock_nets_from_def_py	debug_tool	active	0.1.0	unassigned	cts	cts	scripts/debug/extract_topk_clock_nets_from_def.py	python	1	extract topk clock nets from def	debug,extract,topk,clock,nets,from,def							python3 scripts/debug/extract_topk_clock_nets_from_def.py
debug_extract_topk_long_nets_from_def_py	debug_tool	active	0.1.0	unassigned	general	utility	scripts/debug/extract_topk_long_nets_from_def.py	python	1	extract topk long nets from def	debug,extract,topk,long,nets,from,def							python3 scripts/debug/extract_topk_long_nets_from_def.py
debug_finalize_openroad_cts_baseline_sh	debug_tool	active	0.1.0	unassigned	cts	cts	scripts/debug/finalize_openroad_cts_baseline.sh	bash	1	Finalize one OpenROAD-CTS baseline run from manifest generated by:	debug,finalize,openroad,cts,baseline							bash scripts/debug/finalize_openroad_cts_baseline.sh
debug_gen_clock_corridor_blockages_py	debug_tool	active	0.1.0	unassigned	cts	cts	scripts/debug/gen_clock_corridor_blockages.py	python	1	gen clock corridor blockages	debug,gen,clock,corridor,blockages							python3 scripts/debug/gen_clock_corridor_blockages.py
debug_gen_hotspot_soft_blockages_py	debug_tool	active	0.1.0	unassigned	general	utility	scripts/debug/gen_hotspot_soft_blockages.py	python	1	gen hotspot soft blockages	debug,gen,hotspot,soft,blockages							python3 scripts/debug/gen_hotspot_soft_blockages.py
debug_generate_bspdn_goal_campaign_py	debug_tool	active	0.1.0	unassigned	backside_routing	utility	scripts/debug/generate_bspdn_goal_campaign.py	python	1	generate bspdn goal campaign	debug,generate,bspdn,goal,campaign							python3 scripts/debug/generate_bspdn_goal_campaign.py
debug_generate_testcase_first_campaign_py	debug_tool	active	0.1.0	unassigned	general	utility	scripts/debug/generate_testcase_first_campaign.py	python	1	Few directions with high mechanism information gain.	debug,generate,testcase,first,campaign							python3 scripts/debug/generate_testcase_first_campaign.py
debug_gt3_backside_hypothesis_eval_sh	debug_tool	active	0.1.0	unassigned	backside_routing	utility	scripts/debug/gt3_backside_hypothesis_eval.sh	bash	1	Evaluate hypothesis on PROBE GT3-like setup:	debug,gt3,backside,hypothesis,eval							bash scripts/debug/gt3_backside_hypothesis_eval.sh
debug_gt3_rc_completion_probe_sh	debug_tool	active	0.1.0	unassigned	backside_routing	utility	scripts/debug/gt3_rc_completion_probe.sh	bash	1	GT3 RC-completion probe matrix.	debug,gt3,rc,completion,probe							bash scripts/debug/gt3_rc_completion_probe.sh
debug_launch_testcase_first_chipbench_campaign_py	debug_tool	active	0.1.0	unassigned	general	utility	scripts/debug/launch_testcase_first_chipbench_campaign.py	python	1	launch testcase first chipbench campaign	debug,launch,testcase,first,chipbench,campaign							python3 scripts/debug/launch_testcase_first_chipbench_campaign.py
debug_lc_compile_lib_to_db_sh	debug_tool	active	0.1.0	unassigned	general	utility	scripts/debug/lc_compile_lib_to_db.sh	bash	1	Compile Liberty .lib into Synopsys .db using lc_shell on Slurm nodes.	debug,lc,compile,lib,to,db							bash scripts/debug/lc_compile_lib_to_db.sh
debug_monitor_route_run_manifest_py	debug_tool	active	0.1.0	unassigned	route	route	scripts/debug/monitor_route_run_manifest.py	python	1	monitor route run manifest	debug,monitor,route,manifest							python3 scripts/debug/monitor_route_run_manifest.py
debug_offline_rc_consistency_regression_py	debug_tool	active	0.1.0	unassigned	general	utility	scripts/debug/offline_rc_consistency_regression.py	python	1	offline rc consistency regression	debug,offline,rc,consistency,regression							python3 scripts/debug/offline_rc_consistency_regression.py
debug_one_click_validate_new_cases_sh	debug_tool	active	0.1.0	unassigned	general	utility	scripts/debug/one_click_validate_new_cases.sh	bash	1	One-click validation for new external RTL cases.	debug,one,click,validate,new,cases							bash scripts/debug/one_click_validate_new_cases.sh
debug_openroad_cts_bridge_baseline_all_cases_sh	debug_tool	active	0.1.0	unassigned	cts	cts	scripts/debug/openroad_cts_bridge_baseline_all_cases.sh	bash	1	Batch submit OpenROAD-CTS bridge baselines across multiple designs.	debug,openroad,cts,bridge,baseline,all,cases							bash scripts/debug/openroad_cts_bridge_baseline_all_cases.sh
debug_pdk_flow_preflight_py	debug_tool	active	0.1.0	unassigned	general	preflight	scripts/debug/pdk_flow_preflight.py	python	1	pdk flow preflight	debug,pdk,flow,preflight							python3 scripts/debug/pdk_flow_preflight.py
debug_plot_backside_compare_py	debug_tool	active	0.1.0	unassigned	backside_routing	utility	scripts/debug/plot_backside_compare.py	python	1	plot backside compare	debug,plot,backside,compare							python3 scripts/debug/plot_backside_compare.py
debug_plot_net_cost_model_consistency_py	debug_tool	active	0.1.0	unassigned	general	utility	scripts/debug/plot_net_cost_model_consistency.py	python	1	plot net cost model consistency	debug,plot,net,cost,model,consistency							python3 scripts/debug/plot_net_cost_model_consistency.py
debug_postcts_dp_clock_signal_backside_sh	debug_tool	active	0.1.0	unassigned	backside_routing	cts	scripts/debug/postcts_dp_clock_signal_backside.sh	bash	1	One-click experiment:	debug,postcts,dp,clock,signal,backside							bash scripts/debug/postcts_dp_clock_signal_backside.sh
debug_postcts_versiona_simple_backside_sh	debug_tool	active	0.1.0	unassigned	backside_routing	cts	scripts/debug/postcts_versionA_simple_backside.sh	bash	1	Simple one-click Version-A demo:	debug,postcts,versiona,simple,backside							bash scripts/debug/postcts_versionA_simple_backside.sh
debug_pre_experiment_reflection_py	debug_tool	active	0.1.0	unassigned	general	utility	scripts/debug/pre_experiment_reflection.py	python	1	pre experiment reflection	debug,pre,experiment,reflection							python3 scripts/debug/pre_experiment_reflection.py
debug_pre_route_model_search_py	debug_tool	active	0.1.0	unassigned	route	route	scripts/debug/pre_route_model_search.py	python	1	pre route model search	debug,pre,route,model,search							python3 scripts/debug/pre_route_model_search.py
debug_progress_monitor_py	debug_tool	active	0.1.0	unassigned	general	analysis	scripts/debug/progress_monitor.py	python	1	progress monitor	debug,progress,monitor							python3 scripts/debug/progress_monitor.py
debug_progress_monitor_sh	debug_tool	active	0.1.0	unassigned	general	analysis	scripts/debug/progress_monitor.sh	bash	1	Background controller for scripts/debug/progress_monitor.py	debug,progress,monitor							bash scripts/debug/progress_monitor.sh
debug_propose_constrained_experiments_py	debug_tool	active	0.1.0	unassigned	general	utility	scripts/debug/propose_constrained_experiments.py	python	1	propose constrained experiments	debug,propose,constrained,experiments							python3 scripts/debug/propose_constrained_experiments.py
debug_quick_judge_replace_placement_py	debug_tool	active	0.1.0	unassigned	placement	place	scripts/debug/quick_judge_replace_placement.py	python	1	quick judge replace placement	debug,quick,judge,replace,placement							python3 scripts/debug/quick_judge_replace_placement.py
debug_replace_clockdual_v1_round1_sweep_sh	debug_tool	active	0.1.0	unassigned	cts	place	scripts/debug/replace_clockdual_v1_round1_sweep.sh	bash	1	replace clockdual v1 round1 sweep	debug,replace,clockdual,v1,round1,sweep							bash scripts/debug/replace_clockdual_v1_round1_sweep.sh
debug_replace_ntuplace3_dp_bridge_sh	debug_tool	active	0.1.0	unassigned	placement	place	scripts/debug/replace_ntuplace3_dp_bridge.sh	bash	1	replace ntuplace3 dp bridge	debug,replace,ntuplace3,dp,bridge							bash scripts/debug/replace_ntuplace3_dp_bridge.sh
debug_route_postverify_shadow_scorer_py	debug_tool	active	0.1.0	unassigned	route	route	scripts/debug/route_postverify_shadow_scorer.py	python	1	route postverify shadow scorer	debug,route,postverify,shadow,scorer							python3 scripts/debug/route_postverify_shadow_scorer.py
debug_run_abcdplace_dp_py	debug_tool	active	0.1.0	unassigned	placement	place	scripts/debug/run_abcdplace_dp.py	python	1	run abcdplace dp	debug,abcdplace,dp							python3 scripts/debug/run_abcdplace_dp.py
debug_run_autonomy_foundation_cycle_sh	debug_tool	active	0.1.0	unassigned	general	utility	scripts/debug/run_autonomy_foundation_cycle.sh	bash	1	run autonomy foundation cycle	debug,autonomy,foundation,cycle							bash scripts/debug/run_autonomy_foundation_cycle.sh
debug_run_backside_crossover_phys_v2_multicase_sh	debug_tool	active	0.1.0	unassigned	backside_routing	utility	scripts/debug/run_backside_crossover_phys_v2_multicase.sh	bash	1	format:	debug,backside,crossover,phys,v2,multicase							bash scripts/debug/run_backside_crossover_phys_v2_multicase.sh
debug_run_chipbench_highusage_route_batch_sh	debug_tool	active	0.1.0	unassigned	route	route	scripts/debug/run_chipbench_highusage_route_batch.sh	bash	1	run chipbench highusage route batch	debug,chipbench,highusage,route,batch							bash scripts/debug/run_chipbench_highusage_route_batch.sh
debug_run_chipbench_replace_ab_cts_route_batch_sh	debug_tool	active	0.1.0	unassigned	cts	place	scripts/debug/run_chipbench_replace_ab_cts_route_batch.sh	bash	1	Optional override when DP_ENGINE=ntuplace3 (otherwise bridge script is used).	debug,chipbench,replace,ab,cts,route,batch							bash scripts/debug/run_chipbench_replace_ab_cts_route_batch.sh
debug_run_chipbench_replace_backside_usage_py	debug_tool	active	0.1.0	unassigned	backside_routing	place	scripts/debug/run_chipbench_replace_backside_usage.py	python	1	run chipbench replace backside usage	debug,chipbench,replace,backside,usage							python3 scripts/debug/run_chipbench_replace_backside_usage.py
debug_run_cts_htree_demo_phase1_sh	debug_tool	active	0.1.0	unassigned	cts	cts	scripts/debug/run_cts_htree_demo_phase1.sh	bash	1	Phase-1 CTS H-tree demo suite:	debug,cts,htree,demo,phase1							bash scripts/debug/run_cts_htree_demo_phase1.sh
debug_run_global_local_dualside_cts_sh	debug_tool	active	0.1.0	unassigned	cts	cts	scripts/debug/run_global_local_dualside_cts.sh	bash	1	Global+Local dual-side CTS experiment wrapper (single design).	debug,global,local,dualside,cts							bash scripts/debug/run_global_local_dualside_cts.sh
debug_run_offline_rc_consistency_regression_sh	debug_tool	active	0.1.0	unassigned	general	utility	scripts/debug/run_offline_rc_consistency_regression.sh	bash	1	run offline rc consistency regression	debug,offline,rc,consistency,regression							bash scripts/debug/run_offline_rc_consistency_regression.sh
debug_run_plot_net_cost_model_consistency_sh	debug_tool	active	0.1.0	unassigned	general	utility	scripts/debug/run_plot_net_cost_model_consistency.sh	bash	1	run plot net cost model consistency	debug,plot,net,cost,model,consistency							bash scripts/debug/run_plot_net_cost_model_consistency.sh
debug_run_pre_route_model_search_sh	debug_tool	active	0.1.0	unassigned	route	route	scripts/debug/run_pre_route_model_search.sh	bash	1	run pre route model search	debug,pre,route,model,search							bash scripts/debug/run_pre_route_model_search.sh
debug_run_replace_costmodel_lastchance10_s8_sh	debug_tool	active	0.1.0	unassigned	placement	place	scripts/debug/run_replace_costmodel_lastchance10_s8.sh	bash	1	run replace costmodel lastchance10 s8	debug,replace,costmodel,lastchance10,s8							bash scripts/debug/run_replace_costmodel_lastchance10_s8.sh
debug_run_replace_costmodel_vs_vanilla_route_ppa_sh	debug_tool	active	0.1.0	unassigned	route	place	scripts/debug/run_replace_costmodel_vs_vanilla_route_ppa.sh	bash	1	run replace costmodel vs vanilla route ppa	debug,replace,costmodel,vs,vanilla,route,ppa							bash scripts/debug/run_replace_costmodel_vs_vanilla_route_ppa.sh
debug_run_replace_placement_ab_resource_gate_py	debug_tool	active	0.1.0	unassigned	placement	place	scripts/debug/run_replace_placement_ab_resource_gate.py	python	1	run replace placement ab resource gate	debug,replace,placement,ab,resource,gate							python3 scripts/debug/run_replace_placement_ab_resource_gate.py
debug_run_route_abc_from_cts_golden_sh	debug_tool	active	0.1.0	unassigned	cts	cts	scripts/debug/run_route_abc_from_cts_golden.sh	bash	1	run route abc from cts golden	debug,route,abc,from,cts,golden							bash scripts/debug/run_route_abc_from_cts_golden.sh
debug_screen_backside_delay_power_balance_py	debug_tool	active	0.1.0	unassigned	backside_routing	utility	scripts/debug/screen_backside_delay_power_balance.py	python	1	screen backside delay power balance	debug,screen,backside,delay,power,balance							python3 scripts/debug/screen_backside_delay_power_balance.py
debug_select_backside_nets_by_hot_congestion_py	debug_tool	active	0.1.0	unassigned	backside_routing	utility	scripts/debug/select_backside_nets_by_hot_congestion.py	python	1	select backside nets by hot congestion	debug,select,backside,nets,by,hot,congestion							python3 scripts/debug/select_backside_nets_by_hot_congestion.py
debug_select_backside_nets_cpp_sh	debug_tool	active	0.1.0	unassigned	backside_routing	utility	scripts/debug/select_backside_nets_cpp.sh	bash	1	select backside nets cpp	debug,select,backside,nets,cpp							bash scripts/debug/select_backside_nets_cpp.sh
debug_select_backside_nets_version_a_py	debug_tool	active	0.1.0	unassigned	backside_routing	utility	scripts/debug/select_backside_nets_version_a.py	python	1	select backside nets version a	debug,select,backside,nets,version,a							python3 scripts/debug/select_backside_nets_version_a.py
debug_select_hotspot_sink_subset_py	debug_tool	active	0.1.0	unassigned	general	utility	scripts/debug/select_hotspot_sink_subset.py	python	1	select hotspot sink subset	debug,select,hotspot,sink,subset							python3 scripts/debug/select_hotspot_sink_subset.py
debug_smoke_targeted_backside_route_toycase_sh	debug_tool	active	0.1.0	unassigned	backside_routing	route	scripts/debug/smoke_targeted_backside_route_toycase.sh	bash	1	smoke targeted backside route toycase	debug,smoke,targeted,backside,route,toycase							bash scripts/debug/smoke_targeted_backside_route_toycase.sh
debug_split_class_reg_analysis_py	debug_tool	active	0.1.0	unassigned	general	utility	scripts/debug/split_class_reg_analysis.py	python	1	split class reg analysis	debug,split,class,reg,analysis							python3 scripts/debug/split_class_reg_analysis.py
debug_submit_backside_open_observe_sh	debug_tool	active	0.1.0	unassigned	backside_routing	utility	scripts/debug/submit_backside_open_observe.sh	bash	1	Backside resource opening experiment (no targeted guidance).	debug,submit,backside,open,observe							bash scripts/debug/submit_backside_open_observe.sh
debug_submit_gt3_route_rc_consistency_sh	debug_tool	active	0.1.0	unassigned	backside_routing	route	scripts/debug/submit_gt3_route_rc_consistency.sh	bash	1	submit gt3 route rc consistency	debug,submit,gt3,route,rc,consistency							bash scripts/debug/submit_gt3_route_rc_consistency.sh
debug_submit_large_cts_crash_repro_sh	debug_tool	active	0.1.0	unassigned	cts	cts	scripts/debug/submit_large_cts_crash_repro.sh	bash	1	Submit a large_design CTS run that reproduces the historical ccopt SEGV	debug,submit,large,cts,crash,repro							bash scripts/debug/submit_large_cts_crash_repro.sh
debug_submit_large_cts_stable_sh	debug_tool	active	0.1.0	unassigned	cts	cts	scripts/debug/submit_large_cts_stable.sh	bash	1	Submit a large_design CTS run with the validated stable CTS configuration	debug,submit,large,cts,stable							bash scripts/debug/submit_large_cts_stable.sh
debug_submit_large_prects_matrix_sh	debug_tool	active	0.1.0	unassigned	cts	cts	scripts/debug/submit_large_prects_matrix.sh	bash	1	Submit a pre-CTS experiment matrix on large_design to isolate runtime drivers.	debug,submit,large,prects,matrix							bash scripts/debug/submit_large_prects_matrix.sh
debug_submit_route_abc_from_cts_golden_sh	debug_tool	active	0.1.0	unassigned	cts	cts	scripts/debug/submit_route_abc_from_cts_golden.sh	bash	1	submit route abc from cts golden	debug,submit,route,abc,from,cts,golden							bash scripts/debug/submit_route_abc_from_cts_golden.sh
debug_summarize_ppa_unified_py	debug_tool	active	0.1.0	unassigned	general	utility	scripts/debug/summarize_ppa_unified.py	python	1	.../outputs/<design>/innovus/<runid>	debug,summarize,ppa,unified							python3 scripts/debug/summarize_ppa_unified.py
debug_sweep_multilayer_htree_weights_py	debug_tool	active	0.1.0	unassigned	general	utility	scripts/debug/sweep_multilayer_htree_weights.py	python	1	sweep multilayer htree weights	debug,sweep,multilayer,htree,weights							python3 scripts/debug/sweep_multilayer_htree_weights.py
debug_sweep_placement_resource_variants_py	debug_tool	active	0.1.0	unassigned	placement	place	scripts/debug/sweep_placement_resource_variants.py	python	1	sweep placement resource variants	debug,sweep,placement,resource,variants							python3 scripts/debug/sweep_placement_resource_variants.py
debug_systematic_backside_model_analysis_py	debug_tool	active	0.1.0	unassigned	backside_routing	utility	scripts/debug/systematic_backside_model_analysis.py	python	1	systematic backside model analysis	debug,systematic,backside,model,analysis							python3 scripts/debug/systematic_backside_model_analysis.py
debug_systolic_backside_compare_sh	debug_tool	active	0.1.0	unassigned	backside_routing	utility	scripts/debug/systolic_backside_compare.sh	bash	1	Compare backside-routing strategies on systolic_array_8x8.	debug,systolic,backside,compare							bash scripts/debug/systolic_backside_compare.sh
debug_systolic_clock_tree_backside_compare_sh	debug_tool	active	0.1.0	unassigned	backside_routing	cts	scripts/debug/systolic_clock_tree_backside_compare.sh	bash	1	Compare clock-only backside routing strategies (signal nets unchanged).	debug,systolic,clock,tree,backside,compare							bash scripts/debug/systolic_clock_tree_backside_compare.sh
debug_systolic_cts_ppa_compare_sh	debug_tool	active	0.1.0	unassigned	cts	cts	scripts/debug/systolic_cts_ppa_compare.sh	bash	1	Fast CTS-only PPA comparison.	debug,systolic,cts,ppa,compare							bash scripts/debug/systolic_cts_ppa_compare.sh
debug_track_bspdn_goal_progress_py	debug_tool	active	0.1.0	unassigned	backside_routing	utility	scripts/debug/track_bspdn_goal_progress.py	python	1	track bspdn goal progress	debug,track,bspdn,goal,progress							python3 scripts/debug/track_bspdn_goal_progress.py
debug_validate_backside_delay_model_sh	debug_tool	active	0.1.0	unassigned	backside_routing	utility	scripts/debug/validate_backside_delay_model.sh	bash	1	One-click validation:	debug,validate,backside,delay,model							bash scripts/debug/validate_backside_delay_model.sh
debug_validate_execution_contract_py	debug_tool	active	0.1.0	unassigned	general	utility	scripts/debug/validate_execution_contract.py	python	1	validate execution contract	debug,validate,execution,contract							python3 scripts/debug/validate_execution_contract.py
debug_visualize_large_disp_vs_ntsv_py	debug_tool	active	0.1.0	unassigned	general	utility	scripts/debug/visualize_large_disp_vs_ntsv.py	python	1	visualize large disp vs ntsv	debug,visualize,large,disp,vs,ntsv							python3 scripts/debug/visualize_large_disp_vs_ntsv.py
debug_visualize_postcts_drv_repair_py	debug_tool	active	0.1.0	unassigned	cts	cts	scripts/debug/visualize_postcts_drv_repair.py	python	1	visualize postcts drv repair	debug,visualize,postcts,drv,repair							python3 scripts/debug/visualize_postcts_drv_repair.py
debug_visualize_replace_placement_clock_py	debug_tool	active	0.1.0	unassigned	cts	place	scripts/debug/visualize_replace_placement_clock.py	python	1	COMPONENTS entries are typically one-line in this flow.	debug,visualize,replace,placement,clock							python3 scripts/debug/visualize_replace_placement_clock.py
run_flow_sh	flow_orchestrator	active	0.1.0	unassigned	general	utility	scripts/run_flow.sh	bash	1	============================================================	flow							bash scripts/run_flow.sh
submit_flow_sh	flow_orchestrator	active	0.1.0	unassigned	general	utility	scripts/submit_flow.sh	bash	1	============================================================	submit,flow							bash scripts/submit_flow.sh
stages_dc_run_sh	flow_stage	active	0.1.0	unassigned	general	utility	scripts/stages/dc/run.sh	bash	1	============================================================	stages,dc							bash scripts/stages/dc/run.sh
stages_eco_analysis_run_sh	flow_stage	active	0.1.0	unassigned	general	utility	scripts/stages/eco_analysis/run.sh	bash	1	============================================================	stages,eco,analysis							bash scripts/stages/eco_analysis/run.sh
stages_innovus_run_sh	flow_stage	active	0.1.0	unassigned	general	utility	scripts/stages/innovus/run.sh	bash	1	Usage:	stages,innovus							bash scripts/stages/innovus/run.sh
stages_innovus_eco_run_sh	flow_stage	active	0.1.0	unassigned	general	utility	scripts/stages/innovus_eco/run.sh	bash	1	============================================================	stages,innovus,eco							bash scripts/stages/innovus_eco/run.sh
stages_primetime_postdc_run_sh	flow_stage	active	0.1.0	unassigned	general	utility	scripts/stages/primetime_postdc/run.sh	bash	1	============================================================	stages,primetime,postdc							bash scripts/stages/primetime_postdc/run.sh
stages_primetime_postpnr_run_sh	flow_stage	active	0.1.0	unassigned	general	utility	scripts/stages/primetime_postpnr/run.sh	bash	1	============================================================	stages,primetime,postpnr							bash scripts/stages/primetime_postpnr/run.sh
stages_dc_readme_md	flow_stage_aux	active	0.1.0	unassigned	general	utility	scripts/stages/dc/README.md	markdown	1	Design Compiler (Synthesis)	stages,dc,readme,md							
stages_dc_interface_yaml	flow_stage_aux	active	0.1.0	unassigned	general	utility	scripts/stages/dc/interface.yaml	yaml	1	interface	stages,dc,interface,yaml							
stages_eco_analysis_readme_md	flow_stage_aux	active	0.1.0	unassigned	general	utility	scripts/stages/eco_analysis/README.md	markdown	1	ECO (Engineering Change Order) Flow	stages,eco,analysis,readme,md							
stages_eco_analysis_analyze_timing_py	flow_stage_aux	active	0.1.0	unassigned	general	analysis	scripts/stages/eco_analysis/analyze_timing.py	python	1	Extract setup timing	stages,eco,analysis,analyze,timing							python3 scripts/stages/eco_analysis/analyze_timing.py
stages_innovus_readme_md	flow_stage_aux	active	0.1.0	unassigned	general	utility	scripts/stages/innovus/README.md	markdown	1	Innovus Place & Route Stage	stages,innovus,readme,md							
stages_innovus_interface_yaml	flow_stage_aux	active	0.1.0	unassigned	general	utility	scripts/stages/innovus/interface.yaml	yaml	1	interface	stages,innovus,interface,yaml							
stages_innovus_run_openroad_cts_bridge_sh	flow_stage_aux	active	0.1.0	unassigned	cts	cts	scripts/stages/innovus/run_openroad_cts_bridge.sh	bash	1	One-click bridge:	stages,innovus,openroad,cts,bridge							bash scripts/stages/innovus/run_openroad_cts_bridge.sh
stages_innovus_eco_readme_md	flow_stage_aux	active	0.1.0	unassigned	general	utility	scripts/stages/innovus_eco/README.md	markdown	1	Innovus ECO Stage	stages,innovus,eco,readme,md							
stages_primetime_postdc_readme_md	flow_stage_aux	active	0.1.0	unassigned	general	utility	scripts/stages/primetime_postdc/README.md	markdown	1	PrimeTime Post-DC STA Stage	stages,primetime,postdc,readme,md							
stages_primetime_postdc_interface_yaml	flow_stage_aux	active	0.1.0	unassigned	general	utility	scripts/stages/primetime_postdc/interface.yaml	yaml	1	interface	stages,primetime,postdc,interface,yaml							
stages_primetime_postpnr_readme_md	flow_stage_aux	active	0.1.0	unassigned	general	utility	scripts/stages/primetime_postpnr/README.md	markdown	1	PrimeTime Post-PnR STA Stage	stages,primetime,postpnr,readme,md							
stages_primetime_postpnr_debug_sh	flow_stage_aux	active	0.1.0	unassigned	general	utility	scripts/stages/primetime_postpnr/debug.sh	bash	1	============================================================	stages,primetime,postpnr,debug							bash scripts/stages/primetime_postpnr/debug.sh
stages_primetime_postpnr_debug_tcl	flow_stage_aux	active	0.1.0	unassigned	general	utility	scripts/stages/primetime_postpnr/debug.tcl	tcl	1	============================================================	stages,primetime,postpnr,debug							# sourced by flow: scripts/stages/primetime_postpnr/debug.tcl
stages_primetime_postpnr_interface_yaml	flow_stage_aux	active	0.1.0	unassigned	general	utility	scripts/stages/primetime_postpnr/interface.yaml	yaml	1	interface	stages,primetime,postpnr,interface,yaml							
stages_dc_run_tcl	flow_stage_tcl	active	0.1.0	unassigned	general	utility	scripts/stages/dc/run.tcl	tcl	1	============================================================	stages,dc							# sourced by flow: scripts/stages/dc/run.tcl
stages_innovus_run_tcl	flow_stage_tcl	active	0.1.0	unassigned	general	utility	scripts/stages/innovus/run.tcl	tcl	1	============================================================	stages,innovus							# sourced by flow: scripts/stages/innovus/run.tcl
stages_innovus_eco_run_tcl	flow_stage_tcl	active	0.1.0	unassigned	general	utility	scripts/stages/innovus_eco/run.tcl	tcl	1	============================================================	stages,innovus,eco							# sourced by flow: scripts/stages/innovus_eco/run.tcl
stages_primetime_postdc_run_tcl	flow_stage_tcl	active	0.1.0	unassigned	general	utility	scripts/stages/primetime_postdc/run.tcl	tcl	1	============================================================	stages,primetime,postdc							# sourced by flow: scripts/stages/primetime_postdc/run.tcl
stages_primetime_postpnr_run_tcl	flow_stage_tcl	active	0.1.0	unassigned	general	utility	scripts/stages/primetime_postpnr/run.tcl	tcl	1	============================================================	stages,primetime,postpnr							# sourced by flow: scripts/stages/primetime_postpnr/run.tcl
clean_sh	script	active	0.1.0	unassigned	general	utility	scripts/clean.sh	bash	1	============================================================	clean							bash scripts/clean.sh
env_cadence_innovus_sh	script	active	0.1.0	unassigned	general	utility	scripts/env/cadence_innovus.sh	bash	1	============================================================	env,cadence,innovus							bash scripts/env/cadence_innovus.sh
env_synopsys_dc_sh	script	active	0.1.0	unassigned	general	utility	scripts/env/synopsys_dc.sh	bash	1	Synopsys Design Compiler environment	env,synopsys,dc							bash scripts/env/synopsys_dc.sh
env_synopsys_primetime_sh	script	active	0.1.0	unassigned	general	utility	scripts/env/synopsys_primetime.sh	bash	1	============================================================	env,synopsys,primetime							bash scripts/env/synopsys_primetime.sh
env_test_smtp_py	script	active	0.1.0	unassigned	general	utility	scripts/env/test_smtp.py	python	1	test smtp	env,test,smtp							python3 scripts/env/test_smtp.py
find_tool_sh	script	active	0.1.0	unassigned	general	utility	scripts/find_tool.sh	bash	1	find tool	find,tool							bash scripts/find_tool.sh
switch_readme_lang_sh	script	active	0.1.0	unassigned	general	utility	scripts/switch_readme_lang.sh	bash	1	Switch README language by copying README_zh.md or README_en.md into README.md	switch,readme,lang							bash scripts/switch_readme_lang.sh
tech_asap7_sh	tech_utility	active	0.1.0	unassigned	general	utility	scripts/tech/asap7.sh	bash	1	============================================================	tech,asap7							bash scripts/tech/asap7.sh
tech_extend_probe_gt3_backside_techlef_py	tech_utility	active	0.1.0	unassigned	backside_routing	utility	scripts/tech/extend_probe_gt3_backside_techlef.py	python	1	extend probe gt3 backside techlef	tech,extend,probe,gt3,backside,techlef							python3 scripts/tech/extend_probe_gt3_backside_techlef.py
tech_freepdk3_sh	tech_utility	active	0.1.0	unassigned	general	utility	scripts/tech/freepdk3.sh	bash	1	============================================================	tech,freepdk3							bash scripts/tech/freepdk3.sh
tech_gt3_sh	tech_utility	active	0.1.0	unassigned	backside_routing	utility	scripts/tech/gt3.sh	bash	1	============================================================	tech,gt3							bash scripts/tech/gt3.sh
tech_prepare_freepdk3_proxy_sh	tech_utility	active	0.1.0	unassigned	general	utility	scripts/tech/prepare_freepdk3_proxy.sh	bash	1	============================================================	tech,prepare,freepdk3,proxy							bash scripts/tech/prepare_freepdk3_proxy.sh
tech_prepare_gt3_sh	tech_utility	active	0.1.0	unassigned	backside_routing	utility	scripts/tech/prepare_gt3.sh	bash	1	============================================================	tech,prepare,gt3							bash scripts/tech/prepare_gt3.sh
tech_prepare_gt3_fixed_sh	tech_utility	active	0.1.0	unassigned	backside_routing	utility	scripts/tech/prepare_gt3_fixed.sh	bash	1	============================================================	tech,prepare,gt3,fixed							bash scripts/tech/prepare_gt3_fixed.sh
tech_prepare_probe_gt3_sh	tech_utility	active	0.1.0	unassigned	backside_routing	utility	scripts/tech/prepare_probe_gt3.sh	bash	1	Prepare a local PROBE GT3 tech bundle under tech/PROBE_GT3.	tech,prepare,probe,gt3							bash scripts/tech/prepare_probe_gt3.sh
tech_probe_gt3_sh	tech_utility	active	0.1.0	unassigned	backside_routing	utility	scripts/tech/probe_gt3.sh	bash	1	============================================================	tech,probe,gt3							bash scripts/tech/probe_gt3.sh
